Name,Platform,HandleOrURL,Segment,Angle,WhyTheyWillRespond,Status,Owner
Andrej Karpathy,X,https://x.com/karpathy,AI builders,Agent reasoning rigor,Technical depth + open interest in evals,,
Jim Fan,X,https://x.com/DrJimFan,AI builders,Embodied agent control,Robotics/sim interest,,
Yohei Nakajima,X,https://x.com/yoheinakajima,AI builders,Agent frameworks,Hands-on demos,,
Simon Willison,X,https://x.com/simonw,AI builders,Reproducibility,OSS + datasets focus,,
Riley Goodside,X,https://x.com/goodside,AI builders,Prompting/evals,Clever eval failures,,
Linus Ekenstam,X,https://x.com/linusekenstam,AI builders,Viral explainers,Indie builder distribution,,
Aakash Gupta,X,https://x.com/aakashg0,AI builders,Product framing,PM/UX of AI,,
Shawn Wang (swyx),X,https://x.com/swyx,AI builders,Agents coverage,Hosts Latent Space,,
Alessio Fanelli,X,https://x.com/alessiofanelli,AI builders,Agent thesis,Venture + dev audience,,
Omar Sanseviero,X,https://x.com/osanseviero,AI builders,Deployment/tooling,HF ecosystem,,
Harrison Chase,X,https://x.com/hwchase17,AI builders,Agent tools,LangChain audience,,
Jeremy Howard,X,https://x.com/jeremyphoward,AI builders,Pedagogy,Practical ML reach,,
Francois Chollet,X,https://x.com/fchollet,AI builders,Reasoning/benchmarks,Rigor + debate,,
Yann LeCun,X,https://x.com/ylecun,AI builders,Contrarian takes,High reach debates,,
George Hotz,X,https://x.com/realGeorgeHotz,AI builders,Hacker demo,Live coding contrarian,,
Sebastian Raschka,X,https://x.com/rasbt,AI builders,Clear explainers,Educator credibility,,
Philipp Schmid,X,https://x.com/_philschmid,AI builders,Inference/perf,Deployment lens,,
Richard Socher,X,https://x.com/socher,AI builders,Applied AI,Product POV,,
Ethan Mollick,X,https://x.com/emollick,AI builders,Classroom/productivity,User impact angle,,
Aravind Srinivas,X,https://x.com/AravSrinivas,AI builders,Search/agents,Product-focused,,
Cade Metz,Journalist,https://www.nytimes.com/by/cade-metz,Press,Newsworthy research,NYT tech beat,,
Kevin Roose,Journalist,https://www.nytimes.com/by/kevin-roose,Press,Consumer impact,Hard Fork + NYT,,
Casey Newton,Journalist,https://www.platformer.news,Press,Platform policy,Independent + scoops,,
Alex Kantrowitz,Journalist,https://www.bigtechnology.com,Press,Founder interviews,Tech industry lens,,
Will Knight,Journalist,https://www.wired.com/author/will-knight/,Press,Research→society,WIRED rigor,,
Tom Simonite,Journalist,https://www.wired.com/author/tom-simonite/,Press,Rigorous analysis,WIRED editor,,
James Vincent,Journalist,https://www.theverge.com/authors/james-vincent,Press,Consumer framing,The Verge,,
David Pierce,Journalist,https://www.theverge.com,Press,Live demo fit,Vergecast host,,
Kyle Wiggers,Journalist,https://techcrunch.com/author/kyle-wiggers/,Press,Launch coverage,TechCrunch AI,,
Devin Coldewey,Journalist,https://techcrunch.com/author/devin-coldewey/,Press,Deep tech,TechCrunch,,
Frederic Lardinois,Journalist,https://techcrunch.com/author/frederic-lardinois/,Press,Dev/tooling,TechCrunch devs,,
Madhumita Murgia,Journalist,https://www.ft.com/author/madhumita-murgia,Press,Societal implications,FT AI editor,,
Parmy Olson,Journalist,https://www.wsj.com/news/author/parmy-olson,Press,Business lens,WSJ/Bloomberg,,
Mark Bergen,Journalist,https://www.bloomberg.com/authors/ASF84_hM4jI/mark-bergen,Press,Industry shifts,Bloomberg,,
Shirin Ghaffary,Journalist,https://www.vox.com/authors/shirin-ghaffary,Press,Policy/ethics,Vox,,
MKBHD,YouTube,https://www.youtube.com/@MKBHD,Creators,Polished demo,Mass reach + quality,,
ColdFusion,YouTube,https://www.youtube.com/@ColdFusion,Creators,Narrative tech history,Explainers,,
Two Minute Papers,YouTube,https://www.youtube.com/@TwoMinutePapers,Creators,Research results,Accessible science,,
AI Explained,YouTube,https://www.youtube.com/@AI_Explained,Creators,LLM/agents explainers,Topical depth,,
Fireship,YouTube,https://www.youtube.com/@Fireship,Creators,Dev audience,Fast format,,
Sentdex,YouTube,https://www.youtube.com/@sentdex,Creators,Code walkthroughs,Hands-on demos,,
Yannic Kilcher,YouTube,https://www.youtube.com/@YannicKilcher,Creators,Paper analyses,Research audience,,
ThePrimeagen,YouTube,https://www.youtube.com/@ThePrimeagen,Creators,Dev critiques,Live coding,,
Joma Tech,YouTube,https://www.youtube.com/@jomaoppa,Creators,Narrative demos,Storytelling,,
Code Bullet,YouTube,https://www.youtube.com/@CodeBullet,Creators,Agent sims,Experiments,,
Matt Wolfe,YouTube,https://www.youtube.com/@mreflow,Creators,AI tools weekly,Early adopter crowd,,
TheAIEpiphany,YouTube,https://www.youtube.com/@TheAIEpiphany,Creators,Tool deep dives,Demos,,
John Coogan,YouTube,https://www.youtube.com/@JohnCoogan,Creators,Tech/business strategy,Founder lens,,
Computerphile,YouTube,https://www.youtube.com/@Computerphile,Creators,Educational breakdowns,Credible,,
Siraj Raval,YouTube,https://www.youtube.com/@SirajRaval,Creators,High reach,Fast turnarounds,,
Latent Space,Podcast,https://www.latent.space,Podcasts,Founder deep dive,Agents focus,,
The Cognitive Revolution,Podcast,https://www.cognitiverevolution.ai,Podcasts,Frontier angles,Timely,,
Practical AI,Podcast,https://changelog.com/practicalai,Podcasts,Practitioners,Changelog audience,,
The Gradient Podcast,Podcast,https://thegradient.pub,Podcasts,Research audience,Scholarly,,
Eye on AI,Podcast,https://www.eye-on.ai,Podcasts,Timely cycles,News driven,,
Hard Fork,Podcast,https://www.nytimes.com/column/hard-fork,Podcasts,Mainstream reach,Big reach,,
Big Technology,Podcast,https://www.bigtechnology.com,Podcasts,Interviews,Industry lens,,
Software Engineering Daily,Podcast,https://softwareengineeringdaily.com,Podcasts,Dev reach,Engineering crowd,,
Data Skeptic,Podcast,https://dataskeptic.com,Podcasts,Data pros,Method rigor,,
TWIML AI,Podcast,https://twimlai.com,Podcasts,Practitioners,Applied ML,,
A16z Podcast,Podcast,https://a16z.com/podcasts/,Podcasts,Tech/business,Founders audience,,
Lex Fridman,Podcast,https://lexfridman.com/podcast,Podcasts,Long-form,Huge reach,,
Stratechery,Newsletter,https://stratechery.com,Newsletters,Strategy lens,Exec audience,,
One Useful Thing,Newsletter,https://www.oneusefulthing.org,Newsletters,Ed/use-case,Practical impact,,
Exponential View,Newsletter,https://www.exponentialview.co,Newsletters,Policy/industry,Thought leaders,,
The Generalist,Newsletter,https://www.generalist.com,Newsletters,Deep dives,Operator audience,,
Not Boring,Newsletter,https://www.notboring.co,Newsletters,Narrative growth,Growth lens,,
Benedict Evans,Newsletter,https://www.ben-evans.com/newsletter,Newsletters,Macro tech,Strategy,,
Import AI,Newsletter,https://www.importai.com,Newsletters,Policy/research,Policy audience,,
TLDR AI,Newsletter,https://www.tldr.tech/ai,Newsletters,Tool roundups,Discovery,,
Latent Space,Newsletter,https://www.latent.space,Newsletters,Dev/agents,Dev focus,,
Big Technology,Newsletter,https://www.bigtechnology.com,Newsletters,Industry analysis,Interviews,,
Zvi Mowshowitz,Newsletter,https://thezvi.substack.com,Newsletters,Rationalist deep dives,Analysis,,
Chartr,Newsletter,https://www.chartr.co,Newsletters,Visual data,Data storytelling,,
Andrew Ng,LinkedIn,https://www.linkedin.com/in/andrewyng/,LinkedIn,Education + reach,Massive reach,,
Sarah Guo,LinkedIn,https://www.linkedin.com/in/sarahguo1/,LinkedIn,Agents thesis,Founder/investor reach,,
Daniel Jeffries,LinkedIn,https://www.linkedin.com/in/danieljeffries1/,LinkedIn,Narrative reach,AI audience,,
Richard Socher,LinkedIn,https://www.linkedin.com/in/richardsocher/,LinkedIn,Applied AI,Execs/devs,,
Fei-Fei Li,LinkedIn,https://www.linkedin.com/in/feifeili/,LinkedIn,Academic credibility,Credibility,,
Demis Hassabis,LinkedIn,https://www.linkedin.com/in/demis-hassabis-6b3b,LinkedIn,Frontier validation,Frontier lens,,
Mustafa Suleyman,LinkedIn,https://www.linkedin.com/in/mustafasuleyman/,LinkedIn,Productization,Mainstream,,
Ali Ghodsi,LinkedIn,https://www.linkedin.com/in/alighodsi/,LinkedIn,Data/AI infra,Infra audience,,
Kelsey Hightower,LinkedIn,https://www.linkedin.com/in/kelsey-hightower-7112b,LinkedIn,Dev advocacy,DevRel,,
Cassie Kozyrkov,LinkedIn,https://www.linkedin.com/in/cassiekozyrkov/,LinkedIn,Decision science,Data leaders,,
Thomas Wolf,OSS,https://x.com/thom_wolf,OSS leaders,HF models/story,Storytelling + OSS,,
Sylvain Gugger,OSS,https://x.com/sgugger,OSS leaders,Training insights,HF training,,
Georgi Gerganov,OSS,https://x.com/ggerganov,OSS leaders,On-device agents,Local models,,
Omar Khattab,OSS,https://x.com/lateinteraction,OSS leaders,DSPy/programming,Program synthesis,,
Soumith Chintala,OSS,https://x.com/soumithchintala,OSS leaders,PyTorch community,Community reach,,
Zach DeVito,OSS,https://x.com/zhade,OSS leaders,Compiler/perf,Compilers,,
Chris Lattner,OSS,https://x.com/clattner_llvm,OSS leaders,MLIR/compilers,Infra,,
Davis Blalock,OSS,https://x.com/dblalock,OSS leaders,Efficient ML,Perf focus,,
Pieter Abbeel,OSS,https://x.com/ppabbruzzese,OSS leaders,Robotics/agents,Research,,
Tim Dettmers,OSS,https://x.com/timdettmers,OSS leaders,Quantization/perf,Efficient training,,
Jay Alammar,OSS,https://x.com/jalammar,OSS leaders,Visual explainers,Education,,
William Falcon,OSS,https://x.com/AI_Mrunal,OSS leaders,Training infra,Lightning audience,,
Chris Messina,Product Hunt,https://www.producthunt.com/@chrismessina,PH/HN/Indie,Top hunter,Launch reach,,
Ryo Chikazawa,Product Hunt,https://www.producthunt.com/@r,PH/HN/Indie,Hunter reach,PH distribution,,
Kevin William David,Product Hunt,https://www.producthunt.com/@kevindavid,PH/HN/Indie,Hunter reach,PH reach,,
Ben Tossell,Indie,https://x.com/bentossell,PH/HN/Indie,Builder audience,Distribution,,
Bram Kanstein,Indie,https://x.com/bramk,PH/HN/Indie,MVP crowd,Early adopters,,
Ryan Hoover,Product Hunt,https://x.com/rrhoover,PH/HN/Indie,Amplification,PH founder,,
Pieter Levels,Indie,https://x.com/levelsio,PH/HN/Indie,Distribution hacks,Mass indie reach,,
Arvid Kahl,Indie,https://x.com/arvidkahl,PH/HN/Indie,Bootstrapper audience,Indie reach,,
Tony Dinh,Indie,https://x.com/tdinh_me,PH/HN/Indie,Indie dev reach,Dev indie,,
Robleh Jama,Indie,https://x.com/robjama,PH/HN/Indie,Mobile/product,Product crowd,,
Marc Köhlbrugge,Indie,https://x.com/mkohrbrugge,PH/HN/Indie,BetaList,Early adopters,,
Hiten Shah,SaaS,https://x.com/hnshah,PH/HN/Indie,Product readiness,SaaS founder,,
Reddit r/MachineLearning,Reddit,https://www.reddit.com/r/MachineLearning,Communities,Research audience,Mods allow research,,
Reddit r/LocalLLaMA,Reddit,https://www.reddit.com/r/LocalLLaMA,Communities,Local models,On-device crowd,,
Reddit r/Artificial,Reddit,https://www.reddit.com/r/Artificial,Communities,Broad AI,General AI,,
Reddit r/ChatGPT,Reddit,https://www.reddit.com/r/ChatGPT,Communities,Consumer AI,Mass reach,,
Reddit r/DataEngineering,Reddit,https://www.reddit.com/r/dataengineering,Communities,Infra crowd,Data pros,,
Reddit r/algorithms,Reddit,https://www.reddit.com/r/algorithms,Communities,Technical audience,Algo crowd,,
Reddit r/ProgrammerHumor,Reddit,https://www.reddit.com/r/ProgrammerHumor,Communities,Viral angle,Fun reach,,
Latent Space Discord,Discord,https://www.latent.space,Communities,Dev builders,Active devs,,
AI Exchange Discord,Discord,https://aiexchange.co,Communities,Practitioners,Applied ML,,
EleutherAI Discord,Discord,https://www.eleuther.ai,Communities,Open research,Researchers,,
Kent C. Dodds,Educator,https://x.com/kentcdodds,Educators,React/devs,Dev education,,
Wes Bos,Educator,https://x.com/wesbos,Educators,Frontend,Educator reach,,
Scott Hanselman,Developer,https://x.com/shanselman,Educators,MS/dev reach,Developer audience,,
Theo Browne,Influencer,https://x.com/t3dotgg,Educators,OSS builders,Dev reach,,
The Net Ninja,Educator,https://www.youtube.com/@NetNinja,Educators,Practical tutorials,YouTube devs,,
freeCodeCamp,Educator,https://www.youtube.com/@freecodecamp,Educators,Mass audience,Education,,
Corey Schafer,Educator,https://www.youtube.com/@coreyms,Educators,Python crowd,Code demos,,
Hussein Nasser,Educator,https://www.youtube.com/@hnasr,Educators,Systems angle,DB/network,,
Jeff Geerling,DevOps,https://x.com/geerlingguy,Educators,Hardware/on-device AI,Maker crowd,,
Gergely Orosz,Newsletter,https://www.practicingdev.com,Educators,Engineering leadership,Eng leaders,,
OpenAI,Company,https://openai.com,Frontier labs,Deterministic evals + blind studies,Reduce regression risk + defensible claims,,
Anthropic,Company,https://www.anthropic.com,Frontier labs,Deterministic evals + blind studies,Policy-grade safety focus,,
Google DeepMind,Company,https://deepmind.google,Frontier labs,Reasoning evals + reproducibility,Research rigor + visibility,,
Meta FAIR,Company,https://ai.meta.com,Frontier labs,Reproducible reasoning checks,Open benchmarks + impact,,
xAI,Company,https://x.ai,Frontier labs,Reasoning evals for agent reliability,Claims rigor + PR risk,,
Cohere,Company,https://cohere.com,Frontier labs,Enterprise-ready eval packs,Customer POCs + trust,,
Mistral,Company,https://mistral.ai,Frontier labs,Open eval packs + badges,OSS ecosystem reach,,
AWS AI (Bedrock),Company,https://aws.amazon.com/bedrock,Cloud & platforms,Partner eval pack + co-marketing,Ecosystem distribution + credits,,
Microsoft Azure AI,Company,https://azure.microsoft.com/ai,Cloud & platforms,Trusted evals for enterprise POCs,Win-rate in regulated accounts,,
Google Cloud Vertex AI,Company,https://cloud.google.com/vertex-ai,Cloud & platforms,Eval pack + reference architectures,Marketplace + POC velocity,,
Databricks,Company,https://databricks.com,Cloud & platforms,Notebook-native eval packs,Data+AI platform adoption,,
Snowflake,Company,https://www.snowflake.com,Cloud & platforms,Eval packs for AI apps,Enterprise trust + governance,,
Hugging Face,Company,https://huggingface.co,Cloud & platforms,Model card badges + eval packs,OSS community + credibility,,
Scale AI (Safety),Company,https://scale.com,AI safety/eval vendors,Integrate deterministic checks,Safety pipeline quality proof,,
LangSmith (LangChain),Company,https://www.langchain.com/langsmith,AI safety/eval vendors,Native eval pack + badge,Framework adoption,,
Weights & Biases,Company,https://wandb.ai,AI safety/eval vendors,Experiment tracking + eval bundles,Dev workflow fit,,
Robust Intelligence,Company,https://www.robustintelligence.com,AI safety/eval vendors,Policy-grade evals + QA,Risk reduction for enterprise,,
NVIDIA Inception,Company,https://www.nvidia.com/inception,Hardware,Sponsor compute + leaderboard,Reasoning-per-dollar story,,
JPMorgan AI Research,Company,https://www.jpmorgan.com/technology/artificial-intelligence,Enterprise high-stakes,Paid pilot with policy reporting,Compliance + auditability,,
Palantir,Company,https://www.palantir.com,Enterprise high-stakes,Third-party eval for deployments,Credible validation for customers,,
Thomson Reuters,Company,https://www.thomsonreuters.com,Enterprise high-stakes,Eval pack for legal/tax AI,Regulated use cases,,
McKinsey QuantumBlack,Company,https://www.mckinsey.com/capabilities/quantumblack,Enterprise high-stakes,Client eval methodology,Scale across engagements,,
BCG X,Company,https://www.bcg.com/x,Enterprise high-stakes,Co-branded benchmark + pilots,Consulting distribution,,
